abs_pm,duration,freeway,start_time,type
9.1,33,SR85-N,2017/4/19 18:05,1125-Traffic Hazard
6.1,33,SR85-S,2017/4/18 14:58,1125-Traffic Hazard
7,22,I880-S,2017/5/6 17:59,1182-Trfc Collision-No Inj
7,24,I880-S,2017/4/25 17:03,1182-Trfc Collision-No Inj
7,46,I880-S,2017/4/25 17:00,1182-Trfc Collision-No Inj
7,27,I880-S,2017/4/28 15:58,1182-Trfc Collision-No Inj
7,11,I880-S,2017/4/28 15:47,1182-Trfc Collision-No Inj
7,31,I880-S,2017/4/21 17:32,1183-Trfc Collision-Unkn Inj
387.9,12,US101-N,2017/5/1 23:26,1183-Trfc Collision-Unkn Inj
387.9,9,US101-N,2017/5/2 9:51,1125A-Animal Hazard
387.9,48,US101-N,2017/5/2 18:39,1125-Traffic Hazard
387.9,121,US101-N,2017/5/2 18:37,1125-Traffic Hazard
387.9,1,US101-N,2017/5/3 8:29,1125-Traffic Hazard
387.9,65,US101-N,2017/5/4 8:24,1179-Trfc Collision-1141 Enrt
387.9,135,US101-N,2017/4/23 16:00,1182-Trfc Collision-No Inj
387.9,23,US101-N,2017/4/22 16:25,1179-Trfc Collision-1141 Enrt
6.083,3,SR87-S,2017/4/22 15:52,1125-Traffic Hazard
23.1,2,SR85-S,2017/4/22 9:40,1125-Traffic Hazard
4.345,35,SR87-S,2017/4/30 7:59,FIRE-Report of Fire
4.345,36,SR87-S,2017/4/29 12:30,1182-Trfc Collision-No Inj
4.345,31,SR87-S,2017/4/17 17:39,1183-Trfc Collision-Unkn Inj
4.345,91,SR87-S,2017/4/18 14:16,1182-Trfc Collision-No Inj
376.6,132,US101-S,2017/5/2 22:38,1183-Trfc Collision-Unkn Inj
376.6,19,US101-S,2017/5/6 21:47,1125-Traffic Hazard
376.6,4,US101-S,2017/4/24 15:18,1125-Traffic Hazard
376.6,11,US101-S,2017/4/19 18:32,1125-Traffic Hazard
4.472,3,I680-N,2017/4/21 14:13,1125-Traffic Hazard
4.472,52,I680-N,2017/4/21 17:00,1183-Trfc Collision-Unkn Inj
12.4,38,I280-S,2017/4/29 0:10,1125A-Animal Hazard
12.4,1,I280-S,2017/4/29 1:07,1125A-Animal Hazard
397,5,US101-S,2017/5/3 12:22,1125-Traffic Hazard
397,1,US101-S,2017/4/25 19:43,1125-Traffic Hazard
397,12,US101-S,2017/4/26 9:31,1182-Trfc Collision-No Inj
397,52,US101-S,2017/4/27 17:28,1179-Trfc Collision-1141 Enrt
397,18,US101-S,2017/4/17 19:14,1183-Trfc Collision-Unkn Inj
397,22,US101-S,2017/4/19 16:43,1125-Traffic Hazard
397,19,US101-S,2017/4/22 18:29,1183-Trfc Collision-Unkn Inj
4.2,0,I880-N,2017/4/24 18:33,1125A-Animal Hazard
1.3,10,I280-N,2017/5/2 12:49,BREAK-Traffic Break
1.3,12,I280-N,2017/5/5 11:17,1125-Traffic Hazard
1.3,34,I280-N,2017/4/27 8:08,FIRE-Report of Fire
1.3,27,I280-S,2017/5/2 15:57,1125-Traffic Hazard
1.3,38,I280-S,2017/4/29 21:29,1183-Trfc Collision-Unkn Inj
1.3,251,I280-S,2017/4/29 21:58,1125-Traffic Hazard
1.789,11,I680-S,2017/5/6 15:05,20002-Hit and Run No Injuries
1.242,433,SR87-N,2017/5/2 21:51,CZP-Assist with Construction
1.242,105,SR87-N,2017/4/28 9:02,1182-Trfc Collision-No Inj
1.242,104,SR87-N,2017/4/28 9:00,1182-Trfc Collision-No Inj
1.242,1,SR87-N,2017/4/20 9:21,20002-Hit and Run No Injuries
6.175,17,SR87-N,2017/5/2 1:56,1125-Traffic Hazard
6.175,17,SR87-N,2017/4/25 8:37,20002-Hit and Run No Injuries
6.175,3,SR87-N,2017/4/25 18:24,1183-Trfc Collision-Unkn Inj
6.175,51,SR87-N,2017/4/27 10:10,1182-Trfc Collision-No Inj
393.6,12,US101-N,2017/4/25 7:00,1125-Traffic Hazard
393.6,63,US101-N,2017/4/29 15:20,1125-Traffic Hazard
393.6,7,US101-N,2017/4/17 9:43,1125-Traffic Hazard
393.6,32,US101-N,2017/4/21 10:46,1125-Traffic Hazard
396.5,23,US101-S,2017/5/1 17:58,1182-Trfc Collision-No Inj
396.5,27,US101-S,2017/4/19 18:50,1183-Trfc Collision-Unkn Inj
4.4,42,I280-S,2017/5/2 15:56,20002-Hit and Run No Injuries
4.4,10,I280-S,2017/4/27 16:52,1125-Traffic Hazard
4.4,47,I280-S,2017/4/20 14:42,1182-Trfc Collision-No Inj
4.4,9,I280-S,2017/4/20 15:10,1182-Trfc Collision-No Inj
380.4,0,US101-S,2017/4/24 15:22,1125-Traffic Hazard
23.1,45,SR17-N,2017/5/1 18:17,1125-Traffic Hazard
23.1,6,SR17-N,2017/5/4 22:32,TADV-Traffic Advisory
23.1,2,SR17-N,2017/4/17 1:24,1182-Trfc Collision-No Inj
21.8,90,SR17-S,2017/4/23 22:06,1183-Trfc Collision-Unkn Inj
390.4,26,US101-S,2017/4/30 7:39,1179-Trfc Collision-1141 Enrt
388,2,US101-S,2017/5/4 21:27,1183-Trfc Collision-Unkn Inj
388,142,US101-S,2017/5/4 21:26,1183-Trfc Collision-Unkn Inj
388,48,US101-S,2017/5/5 17:37,1182-Trfc Collision-No Inj
388,2,US101-S,2017/4/23 13:56,1179-Trfc Collision-1141 Enrt
390.4,4,US101-S,2017/4/25 9:35,1125-Traffic Hazard
390.4,78,US101-S,2017/4/27 19:14,1182-Trfc Collision-No Inj
18.9,7,SR85-N,2017/4/24 7:52,1125-Traffic Hazard
0.496,10,I680-S,2017/5/2 20:05,1125A-Animal Hazard
0.496,43,I680-S,2017/4/27 7:54,1125-Traffic Hazard
0.496,21,I680-S,2017/4/27 7:50,1125-Traffic Hazard
0.496,34,I680-S,2017/4/21 10:00,FIRE-Report of Fire
398.3,24,US101-N,2017/5/2 7:43,1183-Trfc Collision-Unkn Inj
398.3,6,US101-N,2017/5/3 13:57,1125-Traffic Hazard
398.3,42,US101-N,2017/4/24 16:18,1183-Trfc Collision-Unkn Inj
398.3,0,US101-N,2017/4/18 7:47,1182-Trfc Collision-No Inj
398.3,34,US101-N,2017/4/18 7:44,1182-Trfc Collision-No Inj
398.3,5,US101-N,2017/4/22 19:46,1125-Traffic Hazard
399.2,406,US101-S,2017/4/24 22:00,CZP-Assist with Construction
4.4,5,SR237-W,2017/4/28 9:34,20002-Hit and Run No Injuries
400.1,0,US101-S,2017/4/30 15:35,1125A-Animal Hazard
400.1,39,US101-S,2017/5/5 16:45,1183-Trfc Collision-Unkn Inj
7.5,46,I280-N,2017/5/4 17:12,1125-Traffic Hazard
7.5,1,I280-N,2017/4/24 13:18,1125-Traffic Hazard
7.5,33,I280-N,2017/4/16 8:53,1125-Traffic Hazard
3,53,I280-S,2017/5/2 19:09,1179-Trfc Collision-1141 Enrt
3,17,I280-S,2017/5/5 18:15,1182-Trfc Collision-No Inj
3,32,I280-S,2017/5/5 18:12,1182-Trfc Collision-No Inj
3,24,I280-S,2017/5/6 8:18,1125-Traffic Hazard
3,247,I280-S,2017/4/23 1:32,1183-Trfc Collision-Unkn Inj
4.1,2,I880-S,2017/5/3 8:02,1125-Traffic Hazard
4.1,12,I880-S,2017/5/3 8:00,1125-Traffic Hazard
4.1,1,I880-S,2017/5/4 16:08,1182-Trfc Collision-No Inj
4.1,76,I880-S,2017/5/4 16:07,1182-Trfc Collision-No Inj
4.1,2,I880-S,2017/5/6 12:04,1125-Traffic Hazard
4.1,3,I880-S,2017/4/24 11:21,1125-Traffic Hazard
4.1,28,I880-S,2017/4/29 18:12,1125-Traffic Hazard
4.1,0,I880-S,2017/4/17 18:23,1125-Traffic Hazard
4.1,1,I880-S,2017/4/17 18:22,1125-Traffic Hazard
4.1,10,I880-S,2017/4/18 17:39,1182-Trfc Collision-No Inj
4.1,55,I880-S,2017/4/18 17:36,1182-Trfc Collision-No Inj
4.1,5,I880-S,2017/4/20 1:02,1183-Trfc Collision-Unkn Inj
4.1,22,I880-S,2017/4/22 12:44,1182-Trfc Collision-No Inj
383.6,5,US101-N,2017/4/28 1:56,WW-Wrong Way Driver
383.6,68,US101-N,2017/4/20 14:56,1125-Traffic Hazard
397.5,4,US101-N,2017/5/1 17:19,1183-Trfc Collision-Unkn Inj
380.7,1,US101-N,2017/4/24 7:30,ANIMAL-Live or Dead Animal
380.7,149,US101-N,2017/4/28 8:11,1183-Trfc Collision-Unkn Inj
394.6,1,US101-N,2017/5/3 7:57,1125-Traffic Hazard
394.6,31,US101-N,2017/4/20 12:24,ANIMAL-Live or Dead Animal
394.6,1,US101-N,2017/4/22 9:29,1125-Traffic Hazard
6.2,30,SR237-W,2017/4/27 7:32,1182-Trfc Collision-No Inj
6.2,28,SR237-W,2017/4/27 7:31,1182-Trfc Collision-No Inj
6.2,3,SR237-W,2017/4/29 19:58,1125-Traffic Hazard
6.2,2,SR237-W,2017/4/17 18:31,1182-Trfc Collision-No Inj
382.8,40,US101-N,2017/5/1 15:11,1125-Traffic Hazard
382.8,29,US101-N,2017/5/2 13:23,1125-Traffic Hazard
382.8,6,US101-N,2017/4/25 8:52,1182-Trfc Collision-No Inj
382.8,39,US101-N,2017/4/16 2:29,WW-Wrong Way Driver
0.432,21,I680-N,2017/5/1 5:24,1183-Trfc Collision-Unkn Inj
0.432,29,I680-N,2017/5/2 16:46,1125-Traffic Hazard
0.479,6,SR87-S,2017/5/3 9:26,1125-Traffic Hazard
0.479,1,SR87-S,2017/5/3 9:25,1125-Traffic Hazard
0.479,13,SR87-S,2017/4/17 19:23,1125-Traffic Hazard
0.479,43,SR87-S,2017/4/18 23:30,20002-Hit and Run No Injuries
11.1,56,SR85-S,2017/5/1 15:18,1125-Traffic Hazard
3.49,14,SR87-S,2017/5/1 13:31,1125-Traffic Hazard
3.49,4,SR87-S,2017/5/5 2:31,CFIRE-Car Fire
3.49,16,SR87-S,2017/5/5 6:22,FIRE-Report of Fire
3.49,58,SR87-S,2017/4/23 13:46,1183-Trfc Collision-Unkn Inj
3.49,21,SR87-S,2017/4/28 13:47,1125-Traffic Hazard
3.49,132,SR87-S,2017/4/19 16:11,1182-Trfc Collision-No Inj
3.49,33,SR87-S,2017/4/19 16:14,1182-Trfc Collision-No Inj
3.49,10,SR87-S,2017/4/21 13:23,1125-Traffic Hazard
3.49,3,SR87-S,2017/4/21 15:03,1125-Traffic Hazard
0.6,23,I280-N,2017/5/1 13:44,1182-Trfc Collision-No Inj
6.3,68,SR85-N,2017/5/2 7:05,1179-Trfc Collision-1141 Enrt
6.3,5,SR85-N,2017/5/3 8:59,1125-Traffic Hazard
6.3,20,SR85-N,2017/5/6 16:43,1125-Traffic Hazard
6.3,14,SR85-N,2017/4/22 18:20,1125-Traffic Hazard
2.4,13,I280-S,2017/4/25 15:15,1125-Traffic Hazard
2.4,14,I280-S,2017/4/25 15:20,1125-Traffic Hazard
2.4,45,I280-S,2017/4/26 20:18,1179-Trfc Collision-1141 Enrt
2.8,37,I280-S,2017/4/22 20:55,1125-Traffic Hazard
2.8,2,I280-S,2017/4/22 21:12,1125-Traffic Hazard
7.61,189,I680-N,2017/4/28 18:32,1179-Trfc Collision-1141 Enrt
3.9,13,I880-S,2017/4/25 14:47,1182-Trfc Collision-No Inj
3.9,6,I880-S,2017/4/18 14:04,1125-Traffic Hazard
3.9,2,I880-S,2017/4/21 15:54,1125-Traffic Hazard
8.4,2,I880-N,2017/4/22 10:01,1125-Traffic Hazard
394.5,30,US101-S,2017/5/5 10:58,1125-Traffic Hazard
1.771,25,SR87-N,2017/4/25 11:59,1125-Traffic Hazard
384.7,66,US101-N,2017/4/30 18:45,1125-Traffic Hazard
392.4,42,US101-S,2017/5/5 22:14,1179-Trfc Collision-1141 Enrt
392.4,51,US101-S,2017/4/21 13:29,20002-Hit and Run No Injuries
21.9,102,SR85-N,2017/4/19 18:47,1125-Traffic Hazard
21.9,11,SR85-N,2017/4/21 15:02,1125-Traffic Hazard
21.9,3,SR85-N,2017/4/22 14:54,1183-Trfc Collision-Unkn Inj
1.736,14,I680-N,2017/4/28 14:30,1125-Traffic Hazard
11.1,38,SR85-N,2017/4/27 18:01,1183-Trfc Collision-Unkn Inj
11.1,37,SR85-N,2017/4/27 18:00,1183-Trfc Collision-Unkn Inj
11.1,26,SR85-N,2017/4/19 18:12,1125-Traffic Hazard
10.6,14,SR85-N,2017/4/28 19:48,1125-Traffic Hazard
22,5,SR17-S,2017/4/28 13:51,FIRE-Report of Fire
390.4,13,US101-N,2017/4/25 10:30,1125-Traffic Hazard
390.4,22,US101-N,2017/4/18 8:46,1125-Traffic Hazard
390.4,6,US101-N,2017/4/18 8:44,1125-Traffic Hazard
6.8,96,SR237-E,2017/5/5 16:59,1125-Traffic Hazard
6.8,28,SR237-E,2017/4/18 9:59,1182-Trfc Collision-No Inj
6.8,21,SR237-E,2017/4/19 14:01,1182-Trfc Collision-No Inj
1.002,16,I680-N,2017/5/2 7:08,1125-Traffic Hazard
1.002,42,I680-N,2017/4/24 9:55,1125-Traffic Hazard
2.9,6,I280-N,2017/5/1 9:55,1125-Traffic Hazard
2.9,9,I280-N,2017/5/1 9:52,1125-Traffic Hazard
2.9,94,I280-N,2017/5/5 23:31,1183-Trfc Collision-Unkn Inj
2.9,74,I280-N,2017/4/25 9:32,1179-Trfc Collision-1141 Enrt
2.9,2,I280-N,2017/4/25 9:34,1179-Trfc Collision-1141 Enrt
2.9,14,I280-N,2017/4/29 16:14,1184-Provide Traffic Control
2.9,40,I280-N,2017/4/20 9:17,1125-Traffic Hazard
2.9,129,I280-N,2017/4/22 15:58,1183-Trfc Collision-Unkn Inj
3.46,17,I680-N,2017/5/2 16:57,1125-Traffic Hazard
3.46,46,I680-N,2017/4/24 17:02,1182-Trfc Collision-No Inj
3.46,4,I680-N,2017/4/29 10:11,20002-Hit and Run No Injuries
3.46,2,I680-N,2017/4/21 16:55,1183-Trfc Collision-Unkn Inj
22,24,SR17-N,2017/5/3 10:10,1125-Traffic Hazard
21.9,22,SR17-N,2017/5/6 3:10,1125-Traffic Hazard
5.311,2,SR87-N,2017/4/23 16:07,1182-Trfc Collision-No Inj
398.5,57,US101-S,2017/5/1 7:37,1179-Trfc Collision-1141 Enrt
398.5,61,US101-S,2017/5/1 7:34,1179-Trfc Collision-1141 Enrt
398.5,39,US101-S,2017/5/1 15:25,1183-Trfc Collision-Unkn Inj
398.5,553,US101-S,2017/4/25 20:34,CZP-Assist with Construction
398.5,12,US101-S,2017/4/20 9:49,1125-Traffic Hazard
10.7,159,SR85-N,2017/5/2 10:38,1182-Trfc Collision-No Inj
1.665,1,SR87-S,2017/5/6 23:12,1183-Trfc Collision-Unkn Inj
23.6,31,SR85-S,2017/4/16 19:49,1125-Traffic Hazard
0.6,80,I880-N,2017/5/1 18:20,1182-Trfc Collision-No Inj
0.6,4,I880-N,2017/4/24 14:50,1125-Traffic Hazard
0.6,78,I880-N,2017/4/25 11:11,1125-Traffic Hazard
0.5,32,I280-S,2017/5/2 8:22,FIRE-Report of Fire
2.1,13,I880-N,2017/5/5 14:44,1183-Trfc Collision-Unkn Inj
2,24,I880-S,2017/4/22 11:13,1125-Traffic Hazard
6.4,6,SR85-N,2017/4/17 6:51,1183-Trfc Collision-Unkn Inj
6.4,36,SR85-N,2017/4/17 6:50,1183-Trfc Collision-Unkn Inj
16.3,15,SR85-S,2017/4/19 18:37,1179-Trfc Collision-1141 Enrt
16.3,102,SR85-S,2017/4/19 18:36,1183-Trfc Collision-Unkn Inj
16.3,0,SR85-S,2017/4/19 20:08,1183-Trfc Collision-Unkn Inj
391.4,30,US101-S,2017/5/2 7:03,1183-Trfc Collision-Unkn Inj
391.4,6,US101-S,2017/5/2 7:47,1125-Traffic Hazard
391.4,1,US101-S,2017/5/2 7:58,1125-Traffic Hazard
391.4,165,US101-S,2017/5/2 7:57,1125-Traffic Hazard
391.4,70,US101-S,2017/5/6 13:58,1125-Traffic Hazard
391.4,13,US101-S,2017/4/25 11:36,1125-Traffic Hazard
391.4,22,US101-S,2017/4/28 12:22,1125-Traffic Hazard
391.4,56,US101-S,2017/4/29 12:25,FIRE-Report of Fire
391.4,2,US101-S,2017/4/22 9:07,1183-Trfc Collision-Unkn Inj
7.631,1,I680-N,2017/5/2 23:26,1125-Traffic Hazard
0.909,12,I680-S,2017/4/29 17:33,1183-Trfc Collision-Unkn Inj
397,0,US101-N,2017/4/17 7:26,1182-Trfc Collision-No Inj
16.3,7,SR85-N,2017/5/4 8:04,1182-Trfc Collision-No Inj
16.3,67,SR85-N,2017/5/4 9:22,1179-Trfc Collision-1141 Enrt
11.4,34,SR85-N,2017/4/23 12:44,1125-Traffic Hazard
11.4,251,SR85-N,2017/4/29 2:11,1179-Trfc Collision-1141 Enrt
16.3,15,SR85-N,2017/4/17 15:03,1182-Trfc Collision-No Inj
16.3,4,SR85-N,2017/4/17 15:00,1182-Trfc Collision-No Inj
11.4,44,SR85-S,2017/5/1 17:05,1125-Traffic Hazard
11.4,10,SR85-S,2017/5/5 15:40,1125-Traffic Hazard
11.4,5,SR85-S,2017/4/24 12:14,1125-Traffic Hazard
11.4,64,SR85-S,2017/4/20 18:29,1182-Trfc Collision-No Inj
17.6,30,SR85-N,2017/4/25 21:05,1182-Trfc Collision-No Inj
17.6,1,SR85-N,2017/4/26 9:57,1125A-Animal Hazard
17.6,19,SR85-N,2017/4/17 6:53,1182-Trfc Collision-No Inj
17.6,26,SR85-N,2017/4/17 6:52,1182-Trfc Collision-No Inj
17.6,3,SR85-N,2017/4/18 13:22,1125-Traffic Hazard
22.6,0,SR85-S,2017/5/2 13:48,1125-Traffic Hazard
384.9,103,US101-N,2017/4/23 3:23,1183-Trfc Collision-Unkn Inj
384.9,36,US101-N,2017/4/28 1:53,1183-Trfc Collision-Unkn Inj
384.9,138,US101-N,2017/4/18 8:30,20002-Hit and Run No Injuries
384.9,0,US101-N,2017/4/19 9:03,1183-Trfc Collision-Unkn Inj
384.9,30,US101-N,2017/4/22 12:59,1125-Traffic Hazard
24.9,21,SR17-N,2017/5/1 18:33,1125-Traffic Hazard
24.9,2,SR17-N,2017/5/4 19:40,1125-Traffic Hazard
24.9,1,SR17-N,2017/4/25 6:13,1125-Traffic Hazard
24.9,2,SR17-N,2017/4/26 12:10,1125-Traffic Hazard
24.9,7,SR17-N,2017/4/29 12:22,1125-Traffic Hazard
7.9,0,SR85-N,2017/4/17 6:57,1182-Trfc Collision-No Inj
7.9,28,SR85-N,2017/4/21 8:48,1182-Trfc Collision-No Inj
7.9,55,SR85-S,2017/4/16 14:08,1183-Trfc Collision-Unkn Inj
1.4,9,I880-N,2017/4/30 11:54,1125-Traffic Hazard
9.5,21,SR85-N,2017/4/30 5:22,1125-Traffic Hazard
8.3,23,SR85-N,2017/5/5 2:28,1125-Traffic Hazard
9.5,12,SR85-N,2017/5/6 15:37,1125-Traffic Hazard
8.3,7,SR85-N,2017/4/26 16:59,1125-Traffic Hazard
8.3,12,SR85-N,2017/4/27 4:54,1125-Traffic Hazard
8.3,10,SR85-N,2017/4/19 8:44,1125-Traffic Hazard
8.3,43,SR85-N,2017/4/19 8:40,1125-Traffic Hazard
10,29,SR85-S,2017/5/2 17:04,1182-Trfc Collision-No Inj
8.3,83,SR85-S,2017/5/2 17:26,1179-Trfc Collision-1141 Enrt
8.3,39,SR85-S,2017/5/2 17:29,1179-Trfc Collision-1141 Enrt
8.3,24,SR85-S,2017/5/4 16:21,1183-Trfc Collision-Unkn Inj
8.3,27,SR85-S,2017/5/4 16:19,1183-Trfc Collision-Unkn Inj
8.3,5,SR85-S,2017/5/5 13:21,1125-Traffic Hazard
8.3,22,SR85-S,2017/5/5 22:46,1183-Trfc Collision-Unkn Inj
8.3,27,SR85-S,2017/4/26 20:41,1125-Traffic Hazard
10,15,SR85-S,2017/4/28 19:09,1125-Traffic Hazard
5.4,15,I280-N,2017/4/24 4:25,1182-Trfc Collision-No Inj
5.4,0,I280-N,2017/4/27 18:56,1125-Traffic Hazard
5.4,26,I280-N,2017/4/27 18:55,1125-Traffic Hazard
5.4,14,I280-N,2017/4/28 9:41,1125-Traffic Hazard
5.4,65,I280-N,2017/4/19 21:58,1179-Trfc Collision-1141 Enrt
5.4,4,I280-N,2017/4/19 22:03,CZP-Assist with Construction
5.4,34,I280-N,2017/4/19 22:29,CZP-Assist with Construction
8.7,39,I880-N,2017/5/5 17:45,1182-Trfc Collision-No Inj
391.9,19,US101-N,2017/5/5 13:02,1182-Trfc Collision-No Inj
391.9,54,US101-N,2017/4/23 21:26,1125-Traffic Hazard
391.9,8,US101-N,2017/4/19 2:06,CFIRE-Car Fire
400,12,US101-S,2017/5/1 22:17,FIRE-Report of Fire
400,10,US101-S,2017/5/2 11:03,1125-Traffic Hazard
400,3,US101-S,2017/4/26 7:41,1125-Traffic Hazard
400,0,US101-S,2017/4/26 17:06,1183-Trfc Collision-Unkn Inj
400,10,US101-S,2017/4/26 18:02,1182-Trfc Collision-No Inj
394.3,4,US101-S,2017/4/27 16:48,20002-Hit and Run No Injuries
394.3,54,US101-S,2017/4/27 16:46,20002-Hit and Run No Injuries
400,9,US101-S,2017/4/29 9:53,1184-Provide Traffic Control
400,68,US101-S,2017/4/18 8:58,1183-Trfc Collision-Unkn Inj
400,323,US101-S,2017/4/18 8:56,1183-Trfc Collision-Unkn Inj
400,60,US101-S,2017/4/18 16:13,1183-Trfc Collision-Unkn Inj
399.1,0,US101-S,2017/4/18 16:19,1125-Traffic Hazard
400,45,US101-S,2017/4/18 21:28,1183-Trfc Collision-Unkn Inj
399.1,2,US101-S,2017/4/21 18:38,1125-Traffic Hazard
399.1,25,US101-S,2017/4/21 18:39,1125-Traffic Hazard
394.7,6,US101-S,2017/4/19 19:55,1125-Traffic Hazard
18.8,0,SR85-N,2017/5/5 4:35,1125-Traffic Hazard
18.8,67,SR85-N,2017/4/25 21:17,1125-Traffic Hazard
20.3,23,SR85-S,2017/5/4 15:20,1182-Trfc Collision-No Inj
20.3,114,SR85-S,2017/5/4 15:24,1182-Trfc Collision-No Inj
20.3,8,SR85-S,2017/4/22 19:32,1182-Trfc Collision-No Inj
2.723,4,I680-S,2017/4/25 14:12,1125A-Animal Hazard
8.3,44,SR237-W,2017/5/3 6:13,1179-Trfc Collision-1141 Enrt
8.3,81,SR237-W,2017/5/3 6:10,1179-Trfc Collision-1141 Enrt
8.3,29,SR237-W,2017/5/3 8:10,1183-Trfc Collision-Unkn Inj
8.3,43,SR237-W,2017/5/4 17:06,1183-Trfc Collision-Unkn Inj
8.3,28,SR237-W,2017/4/27 7:06,1182-Trfc Collision-No Inj
0.1,1,I280-N,2017/4/30 12:31,DOT-Request CalTrans Notify
0.4,6,I280-N,2017/5/2 11:21,1125-Traffic Hazard
0.4,7,I280-N,2017/4/16 7:21,1125-Traffic Hazard
0.4,3,I280-N,2017/4/19 18:18,1125-Traffic Hazard
0.4,18,I280-N,2017/4/19 18:17,1125-Traffic Hazard
0.4,50,I280-N,2017/4/20 7:34,1182-Trfc Collision-No Inj
0.4,9,I280-N,2017/4/20 7:24,1182-Trfc Collision-No Inj
0.1,18,I280-S,2017/5/2 16:59,1182-Trfc Collision-No Inj
0.1,20,I280-S,2017/5/5 14:00,FIRE-Report of Fire
0.1,20,I280-S,2017/5/5 16:00,1125-Traffic Hazard
0.1,64,I280-S,2017/4/20 8:56,1125A-Animal Hazard
2.4,15,I280-N,2017/5/2 9:53,1182-Trfc Collision-No Inj
2.4,73,I280-N,2017/5/3 6:44,1125-Traffic Hazard
2.4,31,I280-N,2017/5/5 23:39,1183-Trfc Collision-Unkn Inj
2.4,38,I280-N,2017/4/26 19:09,1125-Traffic Hazard
2.4,0,I280-N,2017/4/27 19:47,1125-Traffic Hazard
2.4,3,I280-N,2017/4/16 9:38,1183-Trfc Collision-Unkn Inj
2.4,32,I280-N,2017/4/18 1:10,CFIRE-Car Fire
2.4,86,I280-N,2017/4/19 10:01,1179-Trfc Collision-1141 Enrt
5.4,66,I280-S,2017/5/3 7:32,1179-Trfc Collision-1141 Enrt
5.4,29,I280-S,2017/4/24 16:52,1183-Trfc Collision-Unkn Inj
5.4,3,I280-S,2017/4/24 16:50,1183-Trfc Collision-Unkn Inj
5.4,29,I280-S,2017/4/24 17:03,1183-Trfc Collision-Unkn Inj
5.4,4,I280-S,2017/4/26 17:19,1125-Traffic Hazard
5.4,7,I280-S,2017/4/27 10:54,1125-Traffic Hazard
5.4,3,I280-S,2017/4/28 9:28,1182-Trfc Collision-No Inj
5.4,31,I280-S,2017/4/28 16:28,1182-Trfc Collision-No Inj
5.4,92,I280-S,2017/4/28 16:27,1182-Trfc Collision-No Inj
5.4,23,I280-S,2017/4/29 18:36,1125-Traffic Hazard
5.4,14,I280-S,2017/4/18 7:19,1183-Trfc Collision-Unkn Inj
5.4,9,I280-S,2017/4/18 7:17,1183-Trfc Collision-Unkn Inj
5.4,52,I280-S,2017/4/19 12:19,1125-Traffic Hazard
5.4,52,I280-S,2017/4/20 17:42,1182-Trfc Collision-No Inj
5.4,83,I280-S,2017/4/20 17:44,1182-Trfc Collision-No Inj
4.1,11,I880-N,2017/5/5 11:33,1182-Trfc Collision-No Inj
5.3,28,I880-S,2017/5/4 8:45,1125-Traffic Hazard
5.3,12,I880-S,2017/5/4 8:42,1125-Traffic Hazard
3.622,7,SR87-N,2017/4/30 6:08,FIRE-Report of Fire
3.622,35,SR87-N,2017/4/25 9:56,20002-Hit and Run No Injuries
3.622,27,SR87-N,2017/4/25 18:16,1182-Trfc Collision-No Inj
3.622,23,SR87-N,2017/4/19 0:46,1125-Traffic Hazard
3.622,77,SR87-N,2017/4/20 20:53,1183-Trfc Collision-Unkn Inj
8,21,SR237-W,2017/5/6 15:18,1125-Traffic Hazard
392.4,101,US101-N,2017/4/18 8:59,1125-Traffic Hazard
392.4,2,US101-N,2017/4/20 15:53,1125-Traffic Hazard
389,59,US101-N,2017/4/23 13:52,1179-Trfc Collision-1141 Enrt
389,7,US101-N,2017/4/28 17:26,1125-Traffic Hazard
389,6,US101-N,2017/4/22 11:32,1125-Traffic Hazard
387.2,6,US101-S,2017/5/3 15:22,1125-Traffic Hazard
387.2,1,US101-S,2017/5/3 15:20,1125-Traffic Hazard
20.2,5,SR85-N,2017/5/5 15:36,1125-Traffic Hazard
20.2,39,SR85-N,2017/5/5 21:30,1125-Traffic Hazard
20.2,1,SR85-N,2017/4/25 22:17,1125-Traffic Hazard
20.2,1,SR85-N,2017/4/27 9:27,1125-Traffic Hazard
20.2,16,SR85-N,2017/4/27 9:26,1125-Traffic Hazard
20.2,64,SR85-N,2017/4/22 14:52,1183-Trfc Collision-Unkn Inj
4.076,20,SR87-S,2017/5/5 6:08,1125-Traffic Hazard
4.076,25,SR87-S,2017/5/5 6:04,1125-Traffic Hazard
25.1,10,SR17-N,2017/5/6 10:04,1125-Traffic Hazard
21.7,1,SR17-N,2017/4/20 12:21,ANIMAL-Live or Dead Animal
25.1,30,SR17-N,2017/4/21 11:47,20002-Hit and Run No Injuries
9.1,0,I280-N,2017/4/24 13:16,1125-Traffic Hazard
9.1,25,I280-N,2017/4/26 19:28,1183-Trfc Collision-Unkn Inj
9.1,2,I280-N,2017/4/27 8:15,1125-Traffic Hazard
9.1,38,I280-N,2017/4/27 8:14,1125-Traffic Hazard
9.129,3,SR87-N,2017/5/5 15:48,1125-Traffic Hazard
9.129,-1,SR87-N,2017/4/26 8:59,1183-Trfc Collision-Unkn Inj
9.129,35,SR87-N,2017/4/17 19:20,1183-Trfc Collision-Unkn Inj
395.6,65,US101-S,2017/5/4 6:19,1179-Trfc Collision-1141 Enrt
395.6,59,US101-S,2017/4/25 8:23,1182-Trfc Collision-No Inj
395.6,15,US101-S,2017/4/16 16:45,1125-Traffic Hazard
24.7,3,SR17-S,2017/4/30 0:29,1125-Traffic Hazard
24.7,66,SR17-S,2017/5/1 13:27,1183-Trfc Collision-Unkn Inj
24.7,100,SR17-S,2017/5/1 15:53,FIRE-Report of Fire
24.7,20,SR17-S,2017/5/4 17:22,1179-Trfc Collision-1141 Enrt
10.2,2,SR85-S,2017/5/5 15:46,1125-Traffic Hazard
4.3,0,I880-N,2017/4/18 11:44,1125-Traffic Hazard
0.4,56,I880-N,2017/4/22 9:39,1182-Trfc Collision-No Inj
0.2,24,I880-S,2017/5/6 15:36,1125-Traffic Hazard
2.57,245,SR87-N,2017/5/1 7:53,20002-Hit and Run No Injuries
2.57,16,SR87-N,2017/4/23 14:37,1125-Traffic Hazard
2.57,55,SR87-N,2017/4/24 11:00,1182-Trfc Collision-No Inj
2.57,58,SR87-N,2017/4/25 19:28,1125-Traffic Hazard
2.57,10,SR87-N,2017/4/27 8:25,1182-Trfc Collision-No Inj
2.57,2,SR87-N,2017/4/27 9:57,1125-Traffic Hazard
2.57,3,SR87-N,2017/4/18 7:00,1182-Trfc Collision-No Inj
2.57,32,SR87-N,2017/4/19 17:03,1182-Trfc Collision-No Inj
5.791,3,I680-N,2017/4/30 20:01,FIRE-Report of Fire
5.791,20,I680-N,2017/5/4 14:36,1183-Trfc Collision-Unkn Inj
5.791,11,I680-N,2017/5/6 17:33,20002-Hit and Run No Injuries
5.791,43,I680-N,2017/4/24 15:53,1182-Trfc Collision-No Inj
398.1,2,US101-S,2017/5/1 16:00,1125-Traffic Hazard
398.1,30,US101-S,2017/5/3 9:13,1183-Trfc Collision-Unkn Inj
398.1,24,US101-S,2017/5/3 9:10,1183-Trfc Collision-Unkn Inj
398.1,55,US101-S,2017/5/6 15:02,1125-Traffic Hazard
398.1,15,US101-S,2017/4/25 18:51,1183-Trfc Collision-Unkn Inj
398.1,141,US101-S,2017/4/26 0:46,1183-Trfc Collision-Unkn Inj
393.3,2,US101-S,2017/4/27 15:33,1125-Traffic Hazard
393.3,14,US101-S,2017/4/27 15:34,1125-Traffic Hazard
376.7,16,US101-S,2017/4/20 13:21,CFIRE-Car Fire
4.9,16,SR237-E,2017/4/19 18:00,1182-Trfc Collision-No Inj
2.8,27,SR237-W,2017/4/25 13:04,1125-Traffic Hazard
2.8,3,SR237-W,2017/4/26 16:46,1182-Trfc Collision-No Inj
2.8,1,SR237-W,2017/4/20 9:25,1182-Trfc Collision-No Inj
2.8,77,SR237-W,2017/4/20 9:41,1179-Trfc Collision-1141 Enrt
395.3,4,US101-N,2017/5/2 21:45,1125-Traffic Hazard
395.3,1,US101-N,2017/5/5 18:38,1125-Traffic Hazard
395.3,3,US101-N,2017/5/6 13:27,1125-Traffic Hazard
395.3,3,US101-N,2017/4/22 8:28,1125-Traffic Hazard
397.4,6,US101-S,2017/4/19 9:35,1125-Traffic Hazard
397.4,18,US101-S,2017/4/19 9:34,1125-Traffic Hazard
22.4,25,SR85-N,2017/5/1 10:13,1182-Trfc Collision-No Inj
22.4,35,SR85-N,2017/4/17 9:16,1183-Trfc Collision-Unkn Inj
14.2,38,SR85-N,2017/4/20 8:04,1179-Trfc Collision-1141 Enrt
14.2,273,SR85-N,2017/4/20 8:14,1179-Trfc Collision-1141 Enrt
14.2,21,SR85-S,2017/5/4 17:53,1182-Trfc Collision-No Inj
14.2,22,SR85-S,2017/5/4 17:51,1182-Trfc Collision-No Inj
14.2,2,SR85-S,2017/4/26 7:59,1125-Traffic Hazard
14.2,12,SR85-S,2017/4/26 8:55,1125-Traffic Hazard
14.2,2,SR85-S,2017/4/27 13:03,1125-Traffic Hazard
14.2,0,SR85-S,2017/4/27 18:12,1182-Trfc Collision-No Inj
14.2,8,SR85-S,2017/4/20 12:51,1125-Traffic Hazard
14.2,36,SR85-S,2017/4/21 18:25,1182-Trfc Collision-No Inj
14.2,20,SR85-S,2017/4/22 21:59,1125-Traffic Hazard
1.316,12,I680-N,2017/4/23 14:41,ANIMAL-Live or Dead Animal
1.316,8,I680-N,2017/4/24 1:00,1179-Trfc Collision-1141 Enrt
13.6,2,SR85-N,2017/4/29 2:15,1183-Trfc Collision-Unkn Inj
13.6,27,SR85-N,2017/4/21 15:56,1125-Traffic Hazard
13.6,23,SR85-S,2017/5/4 18:53,1182-Trfc Collision-No Inj
13.6,29,SR85-S,2017/5/4 18:50,1182-Trfc Collision-No Inj
383,4,US101-N,2017/5/1 6:50,1125-Traffic Hazard
383,31,US101-N,2017/5/1 6:48,1125-Traffic Hazard
383,3,US101-N,2017/5/5 7:43,1182-Trfc Collision-No Inj
383,23,US101-N,2017/5/5 7:41,1182-Trfc Collision-No Inj
383,77,US101-N,2017/4/27 6:37,1183-Trfc Collision-Unkn Inj
383,14,US101-N,2017/4/27 6:36,1183-Trfc Collision-Unkn Inj
383,57,US101-N,2017/4/28 8:13,1179-Trfc Collision-1141 Enrt
383,16,US101-N,2017/4/19 6:42,1125-Traffic Hazard
388.5,21,US101-S,2017/4/25 6:44,1183-Trfc Collision-Unkn Inj
22.2,22,SR17-N,2017/5/6 7:57,20002-Hit and Run No Injuries
22.2,14,SR17-N,2017/4/21 23:43,1183-Trfc Collision-Unkn Inj
9,2,SR85-S,2017/5/5 22:47,1183-Trfc Collision-Unkn Inj
7.1,4,I880-N,2017/5/3 12:59,1125-Traffic Hazard
8,2,I880-N,2017/4/23 8:14,1125-Traffic Hazard
8,19,I880-N,2017/4/21 18:59,1125-Traffic Hazard
7.1,70,I880-N,2017/4/22 11:09,20002-Hit and Run No Injuries
0,73,SR85-S,2017/5/3 14:39,CFIRE-Car Fire
0,5,SR85-S,2017/4/24 21:04,1125-Traffic Hazard
